"","ID","Description","GeneRatio","BgRatio","pvalue","p.adjust","qvalue","geneID","Count"
"hsa04142","hsa04142","Lysosome","11/93","128/8096",2.03503100165419e-07,4.07006200330837e-05,3.74874131883666e-05,"DNASE2B/HEXB/ATP6AP1/ATP6V0D2/LIPA/LITAF/ACP5/ASAH1/FUCA1/GM2A/SORT1",11
"hsa04145","hsa04145","Phagosome","9/93","152/8096",5.73728237225228e-05,0.00573728237225228,0.00528433902707447,"NCF1/CYBB/ATP6AP1/ATP6V0D2/ATP6V1F/MSR1/ATP6V1B2/ACTB/TFRC",9
"hsa04966","hsa04966","Collecting duct acid secretion","4/93","27/8096",0.000233916018753106,0.0118591567578924,0.0109229075401641,"ATP6V0D2/ATP6V1F/CA2/ATP6V1B2",4
"hsa05110","hsa05110","Vibrio cholerae infection","5/93","50/8096",0.000252881831829574,0.0118591567578924,0.0109229075401641,"ATP6AP1/ATP6V0D2/ATP6V1F/ATP6V1B2/ACTB",5
"hsa05171","hsa05171","Coronavirus disease - COVID-19","10/93","232/8096",0.000309188596740744,0.0118591567578924,0.0109229075401641,"CYBB/RPL39/RPS8/RPS27L/RPS13/RPS26/RPL34/HBEGF/RPS28/RPS19",10
"hsa00030","hsa00030","Pentose phosphate pathway","4/93","30/8096",0.000355774702736772,0.0118591567578924,0.0109229075401641,"PGD/FBP1/G6PD/TALDO1",4
"hsa03010","hsa03010","Ribosome","8/93","158/8096",0.000440301912906362,0.0125800546544675,0.0115868924449043,"RPL39/RPS8/RPS27L/RPS13/RPS26/RPL34/RPS28/RPS19",8
"hsa05323","hsa05323","Rheumatoid arthritis","6/93","93/8096",0.000667262087713682,0.0166815521928421,0.0153645875460387,"CSF1/ATP6AP1/ATP6V0D2/ACP5/ATP6V1F/ATP6V1B2",6
"hsa05120","hsa05120","Epithelial cell signaling in Helicobacter pylori infection","5/93","70/8096",0.00120612365883216,0.026802747974048,0.0246867415550442,"ATP6AP1/ATP6V0D2/ATP6V1F/HBEGF/ATP6V1B2",5
